timestamp,fsr_left,fsr_right,f_l,f_r,p_sum,z_score,status
82272,11.0,909.0,11.16118430124249,908.0362163210908,919.1974006223334,-3.303419898339459,Danger
82277,12.0,908.0,11.963139661037062,909.2028767005997,921.1660163616368,-3.2916079062773265,Danger
82282,12.0,909.0,12.705700562608682,910.3259259176095,923.0316264802182,-3.2804139635124914,Danger
82287,12.0,909.0,13.351006159881061,911.3673941787705,924.7184003386516,-3.2702930653460074,Danger
1999,16.0,916.0,13.856470627983835,912.2801536440131,926.136624271997,-3.2617835073309274,Danger
2004,17.0,916.0,14.179824242896467,913.0159138784888,927.1957381213853,-3.2554286641118564,Danger
2009,19.0,916.0,14.291848923977005,913.5426938695339,927.8345427935109,-3.251595739501048,Danger
2014,17.0,916.0,14.187107205250461,913.8551885024154,928.0422957076659,-3.2503491906068733,Danger
2019,15.0,916.0,13.88661572600637,913.9738968899742,927.8605126159806,-3.251439916639967,Danger
2024,15.0,914.0,13.434391182718219,913.9406170407518,927.37500822347,-3.2543530163962937,Danger
2029,9.0,912.0,12.890190217078676,913.8107521576903,926.700942374769,-3.2583975133975356,Danger
2034,10.0,912.0,12.318036858062465,913.6407889055968,925.9588257636592,-3.2628503252615246,Danger
2039,11.0,912.0,11.772509521958291,913.4767420941745,925.2492516161328,-3.2671078774240616,Danger
2044,10.0,912.0,11.290387944728078,913.3493444591317,924.6397324038597,-3.2707650848482155,Danger
2049,10.0,912.0,10.890926247080682,913.2742849416722,924.1652111887529,-3.2736122838796216,Danger
2054,10.0,913.0,10.579978418192898,913.2540405602285,923.8340189784215,-3.2755994872130967,Danger
2059,12.0,914.0,10.353988362880704,913.2811347913497,923.6351231542304,-3.276792892228423,Danger
2064,11.0,913.0,10.203136640054161,913.34278114188,923.5459177819341,-3.277328137948767,Danger
2069,10.0,914.0,10.114292736343591,913.4257059946423,923.5399987309859,-3.2773636531493318,Danger
2074,10.0,914.0,10.07448572076812,913.5193684452189,923.5938541659871,-3.2770405123971593,Danger
2079,11.0,913.0,10.073121262740756,913.615807813979,923.6889290767198,-3.2764700485588074,Danger
2084,10.0,913.0,10.101177697167719,913.7081123455494,923.8092900427171,-3.2757478645659814,Danger
2089,10.0,914.0,10.149378463953783,913.7907413682117,923.9401198321655,-3.274962866049713,Danger
2094,10.0,914.0,10.207327574617945,913.8605110542342,924.0678386288521,-3.274196533960353,Danger
2099,12.0,914.0,10.263705799049976,913.9164078941067,924.1801136931566,-3.2735228666001555,Danger
2104,11.0,914.0,10.308260085938649,913.9588917528414,924.26715183878,-3.2730006245675027,Danger
2109,11.0,914.0,10.335061212060767,913.9893311061137,924.3243923181744,-3.272657173037201,Danger
2114,9.0,914.0,10.344600867404347,914.0095686703557,924.3541695377601,-3.272478505217801,Danger
2119,11.0,914.0,10.343519500702058,914.0216058421838,924.3651253428859,-3.2724127687306863,Danger
2124,9.0,914.0,10.341961347096182,914.0273889928415,924.3693503399377,-3.272387418109617,Danger
2129,10.0,914.0,10.349760913301791,914.0286785542098,924.3784394675116,-3.2723328819700286,Danger
2134,10.0,915.0,10.37389360487475,914.0269819700811,924.4008755749559,-3.272198261933347,Danger
2139,10.0,915.0,10.417733257314007,914.0235331360495,924.4412663933635,-3.2719559109163914,Danger
2144,11.0,914.0,10.480792331665292,914.0193032631257,924.500095594791,-3.2716029268137,Danger
2149,11.0,914.0,10.55891213322867,914.0150306946009,924.5739428278296,-3.2711598322508317,Danger
2154,10.0,914.0,10.646164788358465,914.0112597535428,924.6574245419013,-3.27065892934517,Danger
2159,11.0,914.0,10.737870363102505,914.008380996051,924.7462513591535,-3.270125955012323,Danger
2164,11.0,914.0,10.832258019606735,914.0066671906144,924.8389252102211,-3.2695698978949674,Danger
2169,9.0,914.0,10.930181050494966,914.006300912667,924.936481963162,-3.268984542628148,Danger
2174,12.0,914.0,11.03416282985924,914.0073908708316,925.0415537006909,-3.268354096317643,Danger
2179,12.0,914.0,11.147398787865898,914.0099750455848,925.1573738334507,-3.26765915801075,Danger
2184,11.0,914.0,11.272694039266002,914.0140095306976,925.2867035699636,-3.2668831600388817,Danger
2189,11.0,914.0,11.411309857410117,914.0193427514182,925.4306526088283,-3.2660194440426746,Danger
2194,10.0,914.0,11.561696571445905,914.0256756309069,925.5873722023528,-3.265079102787785,Danger
2199,12.0,914.0,11.718735463502266,914.0325094305222,925.7512448940245,-3.264095841862567,Danger
2204,12.0,914.0,11.874766859470837,914.0390845357767,925.9138513952475,-3.2631201782714703,Danger
2209,12.0,914.0,12.021821853810586,914.0443155143954,926.066137368206,-3.2622064394102765,Danger
2214,10.0,914.0,12.15260794161025,914.0467304166658,926.199338358276,-3.2614072133317875,Danger
2219,12.0,915.0,12.25969489136519,914.0444255454075,926.3041204367727,-3.2607785050192684,Danger
2224,13.0,915.0,12.33486501313204,914.0350507343015,926.3699157474335,-3.260383723208001,Danger
2229,14.0,914.0,12.370592535472507,914.0158443642,926.3864368996725,-3.2602845937968072,Danger
2234,13.0,914.0,12.363098443881572,913.9837415893016,926.3468400331832,-3.2605221809822185,Danger
2239,12.0,914.0,12.31452556536336,913.9355830169005,926.2501085822639,-3.2611025843121344,Danger
2244,14.0,914.0,12.233003195280565,913.8684536301789,926.1014568254595,-3.2619945173269627,Danger
2249,12.0,914.0,12.130579379583628,913.7801820396003,925.9107614191839,-3.263138718595012,Danger
2254,12.0,914.0,12.020207242328375,913.6700268828407,925.6902341251691,-3.2644619156996475,Danger
2259,11.0,914.0,11.914194862269484,913.5395687690326,925.4537636313021,-3.2658807744137786,Danger
2264,12.0,913.0,11.823996159334884,913.3931818464964,925.2171780058313,-3.267300323934938,Danger
2269,11.0,913.0,11.758704423107803,913.2368089306432,924.995513353751,-3.268630345359919,Danger
2274,11.0,913.0,11.722769703053316,913.075631233728,924.7984009367814,-3.2698130496622917,Danger
2279,12.0,913.0,11.71600451093376,912.9131001945491,924.6291047054829,-3.2708288526452316,Danger
2284,13.0,913.0,11.735204135911049,912.7519130373604,924.4871171732715,-3.271680799304967,Danger
2289,11.0,912.0,11.77548862748458,912.5956346361924,924.371123263677,-3.272376780299141,Danger
2294,12.0,912.0,11.832020834407794,912.4496725982482,924.281693432656,-3.2729133728057676,Danger
2299,12.0,913.0,11.901512066233519,912.3203070035418,924.2218190697753,-3.273272628035192,Danger
2304,12.0,912.0,11.982298688856933,912.2123541625131,924.19465285137,-3.273435629452764,Danger
2309,11.0,912.0,12.073651253573939,912.1279285261044,924.2015797796784,-3.2733940668356625,Danger
2314,12.0,912.0,12.174965268619612,912.0668894073171,924.2418546759368,-3.273152411369128,Danger
2319,11.0,912.0,12.284845024456889,912.0276912042648,924.3125362287217,-3.272728311366387,Danger
2324,12.0,912.0,12.400091164794677,912.0080053696339,924.4080965344286,-3.272154935084805,Danger
2329,13.0,912.0,12.515240034170608,912.0051265496288,924.5203665837994,-3.2714812978149683,Danger
2334,13.0,912.0,12.62394709880635,912.016184279576,924.6401313783823,-3.270762690940761,Danger
2339,13.0,913.0,12.721633564306186,912.0381863931692,924.7598199574754,-3.270044541371015,Danger
2344,13.0,912.0,12.806931142723963,912.067922810407,924.874853953131,-3.2693543200056,Danger
2349,13.0,912.0,12.881334880198734,912.1017602963235,924.9830951765223,-3.2687048563007406,Danger
2354,12.0,912.0,12.94833734619182,912.1353615238665,925.0836988700584,-3.2681012189296963,Danger
2359,12.0,913.0,13.012662389881022,912.1633664130237,925.1760288029047,-3.2675472253736637,Danger
2364,13.0,912.0,13.078938282423913,912.1790809928664,925.2580192752903,-3.2670552701435733,Danger
2369,13.0,912.0,13.149140494839525,912.1748581796967,925.3239986745363,-3.266659383772964,Danger
2374,12.0,913.0,13.220657085629343,912.1438648053468,925.3645218909761,-3.266416238347799,Danger
2379,13.0,913.0,13.2868532330629,912.0814162732579,925.3682695063208,-3.2663937520891455,Danger
2384,14.0,912.0,13.338900567748858,911.9840542054367,925.3229547731855,-3.266665647338891,Danger
2390,14.0,912.0,13.368299970230389,911.8483055379237,925.2166055081541,-3.2673037590075547,Danger
2395,14.0,912.0,13.370173974657225,911.6710507865167,925.0412247611739,-3.268356070004476,Danger
2400,13.0,912.0,13.34551105520662,911.4509056838064,924.796416739013,-3.269824955148884,Danger
2405,13.0,912.0,13.30114179615047,911.190011732336,924.4911535284864,-3.271656580563439,Danger
2410,14.0,911.0,13.247437119146623,910.8956117011296,924.1430488202762,-3.2737452614411118,Danger
2415,13.0,910.0,13.194929203235029,910.579493911246,923.774423114481,-3.2759570714067743,Danger
2420,15.0,910.0,13.152283315455241,910.2546063342711,923.4068896497264,-3.278162327761062,Danger
2425,12.0,910.0,13.126153671383898,909.9318833868261,923.0580370582101,-3.2802554960516415,Danger
2430,13.0,910.0,13.12157907210084,909.6203155653236,922.7418946374245,-3.28215239837253,Danger
2435,16.0,908.0,13.142220477306143,909.3288937591109,922.4711142364171,-3.2837771217166662,Danger
2440,13.0,909.0,13.190388617445606,909.0671835292756,922.2575721467211,-3.2850584065393265,Danger
2445,13.0,909.0,13.26682466828596,908.8444359948983,922.1112606631842,-3.2859362975607342,Danger
2450,13.0,909.0,13.370211840158017,908.66965912106,922.0398709612181,-3.286364646565625,Danger
2455,14.0,908.0,13.497041774331617,908.5531848556235,922.0502266299551,-3.286302510987575,Danger
2460,15.0,908.0,13.643107454869204,908.5077469101687,922.150854365038,-3.2856987293636153,Danger
2465,14.0,909.0,13.806021533900909,908.5470731201824,922.3530946540833,-3.284485257053528,Danger
2470,14.0,908.0,13.986274159979633,908.6825002293659,922.6687743893456,-3.2825911309157303,Danger
2475,14.0,908.0,14.186220116490839,908.9200055686093,923.1062256851002,-3.279966357004875,Danger
2480,12.0,908.0,14.408253220201766,909.2581853832038,923.6664386034056,-3.276604994798928,Danger
2485,14.0,909.0,14.652782363426484,909.6865009408631,924.3392833042896,-3.272567824869208,Danger
2490,14.0,910.0,14.915995295353586,910.1850731558724,925.101068451226,-3.2679969988166606,Danger
2495,18.0,911.0,15.188675065132,910.7273905926693,925.9160656578013,-3.2631068923613835,Danger
2500,16.0,912.0,15.458629013830729,911.2848594673752,926.743488481206,-3.258142230326556,Danger
2505,16.0,913.0,15.715553052045907,911.8315528419398,927.5471058939858,-3.253320404354513,Danger
2510,16.0,913.0,15.953398291346666,912.348165049711,928.3015633410577,-3.2487935456089954,Danger
2515,15.0,913.0,16.169074019181377,912.823525662141,928.9925996813224,-3.244647223092677,Danger
2520,16.0,913.0,16.360069980931268,913.2526018526071,929.6126718335383,-3.2409266964334136,Danger
2525,17.0,914.0,16.52229881764921,913.6329982872107,930.15529710486,-3.2376708627683675,Danger
2530,16.0,914.0,16.648823666526212,913.9631672594921,930.6119909260184,-3.234930630795897,Danger
2535,18.0,914.0,16.7314051332753,914.2423621766757,930.973767309951,-3.2327599177969293,Danger
2540,18.0,915.0,16.76555854723968,914.4704635255637,931.2360220728034,-3.2311863495706765,Danger
2545,18.0,915.0,16.756034496995785,914.6483145992262,931.404349096222,-3.2301763619815467,Danger
2550,16.0,915.0,16.71833794727022,914.7791953910968,931.497533338367,-3.2296172424405625,Danger
2555,15.0,914.0,16.674343813101153,914.869532076269,931.5438758893702,-3.229339180128218,Danger
2560,16.0,915.0,16.645019500095145,914.9281766131211,931.5731961132162,-3.2291632543523465,Danger
2565,17.0,915.0,16.64573095111268,914.964824320782,931.6105552718947,-3.22893909375211,Danger
2570,15.0,914.0,16.68520262147461,914.9874883228686,931.6726909443431,-3.2285662703234017,Danger
2575,18.0,914.0,16.76546642613605,915.0008326861879,931.766299112324,-3.2280046071633115,Danger
2580,16.0,915.0,16.881454341434242,915.0071786896285,931.8886330310628,-3.227270585155754,Danger
2585,16.0,916.0,17.020845158496673,915.0082455499881,932.0290907084848,-3.2264278178560466,Danger
2590,18.0,915.0,17.165474941487158,915.0057068101423,932.1711817516294,-3.225575250115062,Danger
2595,17.0,915.0,17.29442807404653,915.0011711841486,932.2955992581951,-3.224828726265535,Danger
2600,19.0,915.0,17.387718326966674,914.9962000091097,932.3839183360764,-3.224298798445677,Danger
2605,19.0,915.0,17.430122992985705,914.9923450286443,932.42246802163,-3.224067494504198,Danger
2610,18.0,914.0,17.415351905850148,914.9911906072449,932.406542513095,-3.2241630499631153,Danger
2615,20.0,914.0,17.34942575775152,914.9943845490412,932.3438103067928,-3.224539452685134,Danger
2620,16.0,915.0,17.25016554618905,915.0036414235817,932.2538069697707,-3.2250794863144727,Danger
2625,16.0,915.0,17.141477350726586,915.0207018012172,932.1621791519439,-3.225629267074239,Danger
2630,17.0,915.0,17.04542633933604,915.0472303506828,932.0926566900188,-3.226046412356583,Danger
2635,16.0,915.0,16.976301583114115,915.084635797441,932.0609373805552,-3.2262367330088666,Danger
2640,16.0,915.0,16.93899508652756,915.1337968982228,932.0727919847504,-3.22616560359145,Danger
2646,17.0,915.0,16.93155940774378,915.1946816354225,932.1262410431663,-3.225844901160228,Danger
2651,18.0,915.0,16.94936620402437,915.2658527049304,932.2152189089547,-3.225311020513327,Danger
2656,18.0,915.0,16.98834880316492,915.3438621075372,932.3322109107022,-3.2246090508153387,Danger
2661,17.0,915.0,17.047987951984926,915.4225523523784,932.4705403043633,-3.223779053539962,Danger
2666,21.0,916.0,17.134066640169145,915.492931376056,932.6269980162252,-3.2228402836146413,Danger
2671,17.0,916.0,17.25804089879816,915.5449415514485,932.8029824502466,-3.221784350404204,Danger
2676,17.0,916.0,17.43297154905266,915.5705754736886,933.0035470227413,-3.220580932646765,Danger
2681,17.0,916.0,17.669695453891165,915.565908477609,933.2356039315002,-3.219188556110553,Danger
2686,17.0,916.0,17.974381900167078,915.531489340466,933.505871240633,-3.2175669113952363,Danger
2691,18.0,915.0,18.346748468599227,915.4723844816298,933.819132950229,-3.2156872937770076,Danger
2696,18.0,916.0,18.779512183783556,915.3978699149087,934.1773820986923,-3.2135377447241225,Danger
2701,19.0,915.0,19.259081547374496,915.3194637373119,934.5785452846865,-3.2111307049580686,Danger
2706,19.0,915.0,19.766301469879142,915.2478446082675,935.0141460781467,-3.2085170343407485,Danger
2711,19.0,916.0,20.276126328553886,915.1910713969378,935.4671977254917,-3.205798655961803,Danger
2716,23.0,915.0,20.757673326609968,915.1546343962005,935.9123077228105,-3.203127928683677,Danger
2721,23.0,915.0,21.179939046581328,915.1419989687062,936.3219380152875,-3.2006700849986216,Danger
2726,24.0,915.0,21.52220340245465,915.1549547518025,936.6771581542572,-3.198538710460641,Danger
2731,21.0,915.0,21.77931832216214,915.193733794946,936.9730521171081,-3.1967633019486357,Danger
2736,22.0,915.0,21.958289685078253,915.2568790273801,937.2151687124584,-3.1953105657719956,Danger
2741,22.0,915.0,22.0718815507989,915.3408613828929,937.4127429336918,-3.1941250905742224,Danger
2746,22.0,915.0,22.134235507058083,915.4394621694202,937.5736976764782,-3.1931593377834675,Danger
2751,24.0,917.0,22.159027633932705,915.5435881944968,937.7026158284295,-3.1923858093811943,Danger
2756,21.0,916.0,22.158772273911197,915.6428409372155,937.8016132111267,-3.1917918101180347,Danger
2761,24.0,916.0,22.144509604852033,915.7282944771781,937.8728040820301,-3.191364654129581,Danger
2766,21.0,916.0,22.1251237716307,915.794057264713,937.9191810363437,-3.1910863853921727,Danger
2771,22.0,916.0,22.105555024458585,915.8370707969402,937.9426258213988,-3.190945713137329,Danger
2776,21.0,916.0,22.085712143395188,915.8564632813042,937.9421754246994,-3.190948415585619,Danger
2781,22.0,916.0,22.061927589945707,915.8531212070543,937.915048797,-3.1911111794529696,Danger
2786,24.0,916.0,22.029062303174495,915.8294897523882,937.8585520555627,-3.1914501684430867,Danger
2791,24.0,917.0,21.9813997752638,915.7895941113248,937.7709938865886,-3.1919755306944633,Danger
2796,21.0,916.0,21.914263298387457,915.7392570289201,937.6535203273075,-3.192680389810458,Danger
2801,21.0,916.0,21.82766355370359,915.6864709477015,937.5141345014051,-3.1935167258389994,Danger
2806,24.0,915.0,21.726974104315026,915.6412354097275,937.3682095140425,-3.194392297824929,Danger
2811,20.0,915.0,21.617486820597296,915.613522323801,937.2310091443983,-3.1952155207855117,Danger
2816,21.0,915.0,21.499738384353183,915.6099076097074,937.1096459940607,-3.1959437180358954,Danger
2821,24.0,915.0,21.370609281487173,915.6313013984193,937.0019106799065,-3.1965901462088464,Danger
2826,22.0,916.0,21.22641099501607,915.6729798253962,936.8993908204122,-3.197205280865336,Danger
2831,19.0,917.0,21.065461683259407,915.7269090990234,936.7923707822828,-3.1978474172739997,Danger
2836,22.0,916.0,20.890803392650675,915.7851398981074,936.6759432907581,-3.1985459998253054,Danger
2841,21.0,916.0,20.7105484851603,915.8418202865707,936.552368771731,-3.1992874656221533,Danger
2846,20.0,916.0,20.533936248078216,915.8932681133278,936.4272043614061,-3.2000384710071565,Danger
2851,18.0,916.0,20.366811255729726,915.9374192032161,936.3042304589459,-3.2007763330137986,Danger
2856,20.0,916.0,20.210226622498737,915.9733200592085,936.1835466817072,-3.2015004539228777,Danger
2861,23.0,915.0,20.06149147146932,916.0006883985253,936.0621798699947,-3.2022286731420646,Danger
2866,18.0,916.0,19.915760072604343,916.0195533280167,935.9353134006211,-3.2029898911386865,Danger
2871,20.0,917.0,19.7675528385365,916.029979809555,935.7975326480915,-3.203816596484327,Danger
2876,19.0,917.0,19.61225028476212,916.0318785088111,935.6441287935733,-3.2047370428038873,Danger
2881,22.0,916.0,19.447607575104556,916.0249013304275,935.4725089055321,-3.2057667880785865,Danger
2886,21.0,916.0,19.275328515141926,916.0084240640739,935.2837525792158,-3.2068993545737188,Danger
2891,20.0,916.0,19.10271366280269,915.981619731333,935.0843333941357,-3.2080958998335047,Danger
2896,18.0,916.0,18.943099333811727,915.9436285453796,934.8867278791913,-3.2092815627982754,Danger
2902,17.0,915.0,18.812496260459785,915.8938319496627,934.7063282101225,-3.210363988086517,Danger
2907,18.0,916.0,18.723568407463254,915.8322380082825,934.5558064157458,-3.2112671416095018,Danger
2912,18.0,916.0,18.681852278726087,915.7599824332059,934.441834711932,-3.2119509890632627,Danger
2917,19.0,916.0,18.68599498710641,915.6799426464333,934.3659376335397,-3.21240638300816,Danger
2922,19.0,916.0,18.730696393268527,915.5974503598222,934.3281467530908,-3.2126331340042897,Danger
2927,20.0,915.0,18.810467445063654,915.5204412408908,934.3309086859545,-3.2126165619895435,Danger
2932,18.0,915.0,18.921723567731846,915.4577294761384,934.3794530438703,-3.2123252885028415,Danger
2937,19.0,915.0,19.062628912085835,915.4159649549373,934.4785938670232,-3.2117304285752613,Danger
2942,18.0,915.0,19.23198609956561,915.3977152644405,934.6297013640061,-3.2108237607480894,Danger
2947,20.0,915.0,19.427824415988248,915.4012441252781,934.8290685412663,-3.2096275275430854,Danger
2952,20.0,916.0,19.64633449848931,915.4213326538329,935.0676671523222,-3.208195899804081,Danger
2957,18.0,916.0,19.882432491545984,915.4517856832751,935.3342181748211,-3.206596553370417,Danger
2962,20.0,916.0,20.131360271520908,915.48903415449,935.6203944260109,-3.204879452597556,Danger
2967,18.0,915.0,20.38884927149732,915.5337333246905,935.9225825961878,-3.2030662778900005,Danger
2972,20.0,915.0,20.64926606667479,915.5884979864326,936.2377640531074,-3.2011751414975915,Danger
2977,22.0,915.0,20.903678681084568,915.6536661774572,936.5573448585418,-3.199257608348976,Danger
2982,22.0,916.0,21.14042560196601,915.7248597426945,936.8652853446606,-3.1974099188761023,Danger
2987,21.0,916.0,21.348903408266672,915.7942372995325,937.1431407077991,-3.195742744689547,Danger
2992,24.0,916.0,21.523526833060608,915.8535906773957,937.3771175104563,-3.1943388484996857,Danger
2997,22.0,917.0,21.664803565314,915.8962036896431,937.5610072549571,-3.193235482231203,Danger
3002,21.0,917.0,21.778203477213975,915.9169175859008,937.6951210631148,-3.192430779106183,Danger
3007,22.0,916.0,21.87270953700048,915.9117282219968,937.7844377589972,-3.191894865427492,Danger
3012,23.0,916.0,21.959631551552807,915.8775977761599,937.8372293277126,-3.1915781080338754,Danger
3017,22.0,915.0,22.05159831773247,915.8125222496263,937.8641205673588,-3.191416756530431,Danger
3022,21.0,916.0,22.16161945055861,915.7158849794911,937.8775044300497,-3.191336451330838,Danger
3027,22.0,916.0,22.302094533678268,915.5891145500475,937.8912090837258,-3.191254221336836,Danger
3032,22.0,916.0,22.483643670720248,915.4366499976079,937.9202936683281,-3.1910797094320524,Danger
3037,21.0,916.0,22.713640552991933,915.2671940778907,937.9808346308827,-3.1907164545038045,Danger
3042,22.0,915.0,22.994348561305774,915.09457473061,938.0889232919158,-3.190067906196159,Danger
3047,26.0,915.0,23.32185286950532,914.9368650512127,938.258717920718,-3.189049112752846,Danger
3052,24.0,915.0,23.688286720134933,914.814255949701,938.5025426698359,-3.187586127395353,Danger
3057,26.0,914.0,24.086122277405416,914.748025915267,938.8341481926724,-3.1855964441243607,Danger
3062,22.0,915.0,24.509552482154486,914.7610387963394,939.270591278494,-3.1829777196255304,Danger
3067,23.0,914.0,24.95177491750796,914.8782951950583,939.8300701125662,-3.179620762035965,Danger
3072,28.0,915.0,25.400765355316807,915.1266757462382,940.527441101555,-3.1754364306695946,Danger
3077,24.0,915.0,25.836775160782203,915.533626009111,941.3704011698932,-3.1703785428161595,Danger
3082,27.0,915.0,26.235459496203614,916.1245191076046,942.3599786038081,-3.1644409286028314,Danger
3087,27.0,915.0,26.574303729397137,916.918433222923,943.4927369523201,-3.157644207255032,Danger
3092,25.0,915.0,26.834385068795545,917.9221098707449,944.7564949395404,-3.1500614682697266,Danger
3097,26.0,915.0,26.99768711094626,919.1219313896274,946.1196185005737,-3.141882520818901,Danger
3102,27.0,915.0,27.045831256040824,920.4738901679557,947.5197214239965,-3.133481691602992,Danger
3107,31.0,915.0,26.9604126601842,921.8917371005628,948.8521497607469,-3.1254869201385396,Danger
3112,28.0,915.0,26.723237285608,923.2338117192097,949.9570490048177,-3.118857357629282,Danger
3117,27.0,915.0,26.317901837318168,924.28948811995,950.6073899572681,-3.1149552135924057,Danger
3122,26.0,915.0,25.734778390342928,924.7667303085973,950.5015086989403,-3.115590517150092,Danger
3127,28.0,915.0,24.97828589766138,924.2829389540815,949.2612248517429,-3.1230324077463085,Danger
3132,28.0,915.0,24.07210662190674,922.3620741518614,946.4341807737682,-3.1399950996224546,Danger
3137,19.0,915.0,23.05661674331716,918.4419184986085,941.4985352419257,-3.1696097190119406,Danger
3142,19.0,915.0,21.97390352125557,911.8962339881414,933.870137509397,-3.215381258710846,Danger
3147,18.0,915.0,20.848213723910014,902.0773584486043,922.9255721725143,-3.2810503053925966,Danger
3152,20.0,914.0,19.67911720622464,888.385328600453,908.0644458066777,-3.3702193103756204,Danger
3158,20.0,915.0,18.450949411823537,870.3696989317084,888.820648343532,-3.4856850045391687,Danger
3163,21.0,915.0,17.14842733059071,847.8695811294522,865.0180084600429,-3.628504442456012,Danger
3168,21.0,915.0,15.771600142703413,821.1957320222435,836.9673321649469,-3.796812741084343,Danger
3173,13.0,785.0,14.34581086047233,791.27363672135,805.6194475818223,-3.9849047879311925,Danger
3178,5.0,580.0,12.919700530294325,759.5795990580611,772.4992995883555,-4.183630683180766,Danger
3183,14.0,784.0,11.551638920252172,727.9394599963026,739.4910989165547,-4.381684877575523,Danger
3188,9.0,584.0,10.294851705334342,698.3760897135932,708.6709414189276,-4.566610482124663,Danger
3193,9.0,781.0,9.189536147766386,672.8264229656708,682.0159591134371,-4.726544405806556,Danger
3198,5.0,583.0,8.26398493992918,652.6776620083662,660.9416469482953,-4.852993464929508,Danger
3203,3.0,583.0,7.538648041021765,638.5193021835026,646.0579502245245,-4.94229789547245,Danger
3208,8.0,771.0,7.024022878767653,630.2165012400127,637.2405241187803,-4.995203785174591,Danger
3213,4.0,582.0,6.713435543694195,627.0494499083777,633.7628854520719,-5.01607014294366,Danger
3218,8.0,748.0,6.580077063542209,627.8810368760888,634.4611139396311,-5.011880666456226,Danger
3223,4.0,580.0,6.582150182295813,631.4422214393054,638.0243716216012,-4.990500581651228,Danger
3228,9.0,715.0,6.66945268492938,636.5595965517003,643.2290492366297,-4.9592717290888535,Danger
3233,4.0,579.0,6.788640256700636,642.2135037710483,649.002144027749,-4.924632287533456,Danger
3238,10.0,687.0,6.8926786930196124,647.611160489919,654.5038391829387,-4.891621284825346,Danger
3243,9.0,677.0,6.951201311674751,652.2639381626136,659.2151394742883,-4.863352770796583,Danger
3248,4.0,578.0,6.95464601209067,655.9386523447013,662.8932983567919,-4.8412832614169785,Danger
3253,9.0,657.0,6.913714512083007,658.5678957609082,665.4816102729912,-4.8257529986043455,Danger
3258,5.0,784.0,6.855510485645603,660.1882456762188,667.0437561618644,-4.816379887097175,Danger
3263,8.0,641.0,6.815010561322653,660.8758900732146,667.6909006345372,-4.812496922422225,Danger
3268,6.0,869.0,6.825411725526587,660.7720757478738,667.5974874734004,-4.81305741551177,Danger
3273,6.0,627.0,6.9127117875525395,660.2924465269307,667.2051583144832,-4.815411449779783,Danger
3278,5.0,813.0,7.094216135051791,660.2366819031976,667.3308980382493,-4.814656992427154,Danger
3283,6.0,616.0,7.377572229577544,661.5339692920292,668.9115415216068,-4.8051728925565085,Danger
3288,5.0,612.0,7.758275888594921,664.8992879875374,672.6575638761323,-4.782696192084794,Danger
3293,14.0,770.0,8.214956056112106,670.6639372870503,678.8788933431624,-4.745367274707311,Danger
3298,4.0,603.0,8.7037648935742,678.6871798412856,687.3909447348598,-4.6942936794577035,Danger
3303,13.0,769.0,9.157776495165011,688.3599467844808,697.5177232796458,-4.633531477166103,Danger
3308,5.0,596.0,9.495611821078404,698.7957072189389,708.2913190400174,-4.568888273791553,Danger
3313,13.0,772.0,9.629228700232224,709.0067645516713,718.6359932519035,-4.506818664554669,Danger
3318,5.0,591.0,9.464738744924318,717.9897415630576,727.4544803079818,-4.453906408990122,Danger
3323,11.0,772.0,8.906566370131674,724.9429573783369,733.8495237484686,-4.415535181508852,Danger
3328,10.0,772.0,7.865873725006863,729.5045803727221,737.370454097729,-4.394409067099394,Danger
3333,6.0,586.0,6.267881927531269,731.7964263009874,738.0643082285186,-4.390245837413917,Danger
3338,13.0,772.0,4.062090145969204,732.3780739444976,736.4401640904669,-4.399990947789401,Danger
3343,7.0,582.0,1.2367224533620795,732.1002410910745,733.3369635444366,-4.418610620224756,Danger
3348,13.0,770.0,-2.1659354338879413,731.7399560212343,729.5740205873464,-4.441188846870009,Danger
3353,7.0,580.0,-6.030752629412205,731.6447480790177,725.6139954496056,-4.46494959639515,Danger
3358,8.0,770.0,-10.141753824793698,731.6100036557582,721.4682498309645,-4.489824696883951,Danger
3363,2.0,579.0,-14.144945874422685,730.9916388305705,716.8466929561479,-4.5175547368456055,Danger
3368,9.0,771.0,-17.5068460208104,729.0618696078781,711.5550235870677,-4.549305553084188,Danger
3373,10.0,770.0,-19.475626858176366,725.3737913923702,705.8981645341938,-4.583247562636946,Danger
3378,3.0,577.0,-19.052957150335214,719.9012772356642,700.848320085329,-4.613547392793795,Danger
3383,7.0,770.0,-14.982987494938534,713.076219797262,698.0932323023234,-4.630078336021373,Danger
3388,4.0,576.0,-5.767323960943218,705.720048081408,699.9527241204647,-4.618921103984175,Danger
3393,10.0,770.0,10.280191128122954,698.7441412969488,709.0243324250717,-4.564490082660174,Danger
3398,3.0,575.0,34.926605173412426,692.8545054974228,727.7811106708352,-4.451946577431201,Danger
3403,10.0,770.0,69.8488613855875,688.495152106897,758.3440134924845,-4.268564539831126,Danger
3408,3.0,576.0,116.380506940793,685.9032405780624,802.2837475188554,-4.0049194926187415,Danger
3414,9.0,770.0,175.15547252189853,685.1504925003551,860.3059650222536,-3.6567774154757657,Danger
3419,3.0,575.0,245.63981247588882,686.1670246442864,931.8068371201751,-3.227761372987442,Danger
3424,11.0,769.0,325.5549293936918,688.7473882441747,1014.3023176378665,-2.732776017754252,Caution
3429,622.0,574.0,410.57978022301273,692.5401162132149,1103.1198964362277,-2.19985711702695,Caution
3434,853.0,769.0,495.114935173896,697.021640379171,1192.136575553067,-1.6657435842876829,Caution
3439,621.0,574.0,573.7645001084351,701.4582465306102,1275.2227466390452,-1.1672139963408754,Normal
3444,853.0,769.0,642.1974515028528,704.8621558712549,1347.0596073741076,-0.7361819712330697,Normal
3449,621.0,574.0,697.3452693500562,706.0725997405016,1403.4178690905578,-0.3980238803779021,Normal
3454,853.0,770.0,737.601057890316,704.0946820704346,1441.6957399607506,-0.16835086809464933,Normal
3459,853.0,770.0,762.8538140482361,698.4538185613043,1461.3076326095404,-0.05067654716655235,Normal
3464,620.0,573.0,774.229194799116,689.3155051993407,1463.5446999984567,-0.03725380462072443,Normal
3469,853.0,759.0,773.8297532701188,677.4909341769212,1451.32068744704,-0.11059972802364841,Normal
3474,620.0,573.0,764.4633660129251,664.3450015925749,1428.8083676055,-0.24567705061101272,Normal
3479,853.0,739.0,749.1935291724647,651.4933532615105,1400.6868824339751,-0.4144102132031988,Normal
3484,620.0,573.0,730.9785966046052,640.5026603874355,1371.4812569920407,-0.5896483813242174,Normal
3489,853.0,707.0,712.5174812994666,632.7504348852597,1345.2679161847263,-0.7469323892472284,Normal
3494,619.0,573.0,695.9797643986847,629.2557508419163,1325.235515240601,-0.8671298235221293,Normal
3499,619.0,572.0,682.7403156269208,630.4993075120344,1313.2396231389553,-0.9391069897379045,Normal
3504,829.0,670.0,673.389735755674,636.371903695917,1309.761639451591,-0.9599754176830699,Normal
3509,618.0,572.0,667.8608310192037,646.2102699962111,1314.0711010154148,-0.9341179967716826,Normal
3514,792.0,649.0,665.6079399940467,658.9324975663606,1324.540437560407,-0.8713003946890145,Normal
3519,618.0,776.0,665.9263029899939,673.23126012076,1339.157563110754,-0.7835954314883343,Normal
3524,758.0,634.0,668.2216586800859,687.6435600494978,1355.8652187295836,-0.6833469718187567,Normal
3529,617.0,860.0,672.0446195765484,700.5418759803911,1372.5864955569396,-0.5830167828386912,Normal
3534,731.0,621.0,676.9893381099507,710.3224680788917,1387.3118061888424,-0.4946626927926504,Normal
3539,618.0,806.0,682.595449239874,715.7855168135059,1398.3809660533798,-0.42824606010807564,Normal
3544,685.0,785.0,688.3496850900788,716.3823465548918,1404.7320316449704,-0.3901387063689987,Normal
3549,700.0,607.0,693.7578255825437,712.2103822462401,1405.9682078287838,-0.3827214623741059,Normal
3554,910.0,763.0,698.3597201704653,703.9292999160707,1402.2890200865359,-0.40479714506772485,Normal
3559,683.0,600.0,701.696051438184,692.6462373448961,1394.3422887830802,-0.4524787343196372,Normal
3564,890.0,764.0,703.3920057000597,679.6853929155291,1383.0773986155887,-0.5200697784135364,Normal
3569,670.0,594.0,703.441291958043,666.3961725926034,1369.8374645506465,-0.5995113844902958,Normal
3574,858.0,767.0,702.3463316500283,654.0592196196866,1356.405551269715,-0.6801048948874798,Normal
3579,658.0,589.0,700.8196551938261,643.6778624777544,1344.4975176715805,-0.7515548967992495,Normal
3584,654.0,588.0,699.3938744970593,635.759489384855,1335.1533638819142,-0.8076212322385543,Normal
3589,851.0,767.0,698.2614195615321,630.2872749017357,1328.5486944632678,-0.8472502472812071,Normal
3594,645.0,583.0,697.2319454707741,626.7766725037461,1324.0086179745203,-0.8744913926077875,Normal
3599,850.0,767.0,695.8276990252455,624.4303938478766,1320.2580928731222,-0.8969951102414877,Normal
3604,637.0,581.0,693.6377702211482,622.5053980629947,1316.143168284143,-0.9216852798926222,Normal
3609,851.0,768.0,690.6770362857895,620.6660056706831,1311.3430419564727,-0.9504867635685255,Normal
3614,633.0,579.0,687.5068587472426,619.1062090961474,1306.6130678433901,-0.978867323350899,Normal
3619,851.0,768.0,685.1048276255182,618.4420554321571,1303.5468830576751,-0.997264895628113,Normal
3624,630.0,578.0,684.4647238498949,619.364515275292,1303.8292391251869,-0.9955707165348769,Normal
3629,629.0,577.0,686.1918153710598,622.2823334993635,1308.4741488704233,-0.9677005558200862,Normal
3634,851.0,767.0,690.3546896372035,627.1861699036863,1317.5408595408899,-0.9132989210413782,Normal
3639,627.0,576.0,696.4530654830543,633.6136262337719,1330.0666917168262,-0.838142034260562,Normal
3644,851.0,768.0,703.5079740524757,640.7166872986305,1344.224661351106,-0.7531920759740367,Normal
3649,625.0,576.0,710.4172455027824,647.5547504644122,1357.9719959671947,-0.670705989878752,Normal
3654,852.0,768.0,716.3026195345626,653.3825806243904,1369.685200158953,-0.6004249938606372,Normal
3659,624.0,575.0,720.5785951890916,657.7041138107737,1378.2827089998655,-0.5488386409958044,Normal
3664,852.0,768.0,722.8917539965029,660.2175694336499,1383.109323430153,-0.5198782246995792,Normal
3670,623.0,574.0,723.0769963958525,660.7734840627888,1383.8504804586414,-0.5154311704763933,Normal
3675,852.0,768.0,721.1338389139994,659.3482856011169,1380.4821245151163,-0.5356418153843897,Normal
3680,623.0,574.0,717.2226659559165,656.0363025326546,1373.258968488571,-0.5789818435806919,Normal
3685,852.0,768.0,711.6809599290676,651.0611145299476,1362.7420744590154,-0.6420847977607463,Normal
3690,622.0,574.0,705.059071997596,644.8058670470034,1349.8649390445994,-0.7193495570844243,Normal
3695,852.0,769.0,698.1725865457497,637.8607765502485,1336.033363095998,-0.8023411039108596,Normal
3700,622.0,574.0,692.1642203180808,631.0831031680088,1323.2473234860895,-0.8790592746351211,Normal
3705,853.0,769.0,688.4208349615062,625.5407159389913,1313.9615509004975,-0.9347753140235839,Normal
3710,621.0,574.0,688.1910945116269,622.2089033251119,1310.3999978367387,-0.956145170861601,Normal
3715,621.0,573.0,692.1816561700554,621.6552197031424,1313.8368758731976,-0.9355233830364494,Normal
3720,853.0,768.0,700.4087657335734,623.9481503149793,1324.3569160485526,-0.8724015515059474,Normal
3725,621.0,573.0,712.1542483118197,628.6617091405021,1340.815957452322,-0.7736448147136161,Normal
3730,853.0,759.0,726.0297256394119,634.9563906483702,1360.9861162877821,-0.6526208122636998,Normal
3735,621.0,573.0,740.3024954778068,641.8453796913444,1382.1478751691511,-0.5256470596227026,Normal
3740,854.0,739.0,753.2017107361602,648.4260971358681,1401.6278078720284,-0.4087645183205217,Normal
3745,620.0,573.0,763.072962947864,653.9330248773001,1417.005987825164,-0.31649311364265703,Normal
3750,852.0,706.0,768.6907464505086,657.8338212525202,1426.5245677030289,-0.25938019530345185,Normal
3755,852.0,694.0,769.586026180284,659.9457592745317,1429.5317854548157,-0.24133643414477202,Normal
3760,620.0,572.0,766.0794858329597,660.3879616172676,1426.4674474502272,-0.2597229254560207,Normal
3765,829.0,669.0,759.1608495967475,659.4457207038844,1418.606570300632,-0.30688937680486,Normal
3770,619.0,572.0,750.260082565115,657.453928601178,1407.714011166293,-0.37224637840876124,Normal
3775,792.0,650.0,740.8098436655529,654.7174570861008,1395.5273007516537,-0.44536848335147505,Normal
3780,619.0,776.0,731.8454788175961,651.4818699039478,1383.3273487215438,-0.518570039988954,Normal
3785,758.0,633.0,723.8791926600692,647.9477735021114,1371.8269661621807,-0.5875740740371359,Normal
3790,619.0,855.0,716.9725801789352,644.2916739833478,1361.2642541622831,-0.650951942966258,Normal
3795,729.0,620.0,710.9435123064686,640.6578854483754,1351.6013977548441,-0.7089305422954392,Normal
3800,719.0,615.0,705.5761628501408,637.1222699550153,1342.6984328051562,-0.7623496779934831,Normal
3805,685.0,783.0,700.6909361853718,633.6529529042751,1334.3438890896468,-0.812478203373074,Normal
3810,700.0,607.0,696.1572428145253,630.0831704820413,1326.2404132965667,-0.8611002832602401,Normal
3815,913.0,764.0,691.9194150102343,626.195442716774,1318.1148577270083,-0.9098548451444194,Normal
3820,688.0,601.0,688.0067593171383,622.0076295158176,1310.0143888329558,-0.9584588831828196,Normal
3825,895.0,765.0,684.5326577331205,617.9628946035464,1302.4955523366668,-1.0035730389002073,Normal
3830,631.0,579.0,681.6553847968491,614.7205732141169,1296.375958010966,-1.0402915300488274,Normal
3835,621.0,566.0,679.423600765984,612.8168471945976,1292.2404479605816,-1.0651052155806182,Normal
3840,630.0,580.0,677.5597904366343,612.501602385313,1290.0613928219473,-1.0781798758541385,Normal
3845,653.0,599.0,675.3470175196453,613.7116758394034,1289.0586933590487,-1.0841962242252297,Normal
3850,851.0,767.0,671.6978239422099,616.1278016049984,1287.8256255472083,-1.0915948175183436,Normal
3855,696.0,629.0,665.3731500795799,619.3112018795441,1284.684351959124,-1.1104429339621187,Normal
3860,857.0,770.0,655.259236129828,622.8456239118316,1278.1048600416595,-1.149920880191204,Normal
3865,696.0,626.0,640.6242764543305,626.4042514743453,1267.0285279286759,-1.2163805474507972,Normal
3870,722.0,634.0,621.3823516003486,629.7440849342546,1251.1264365346033,-1.311795499982138,Normal
3875,775.0,621.0,598.4398520096245,632.6776448085577,1231.1174968181822,-1.431852163343814,Normal
3880,978.0,762.0,574.1008748990721,635.059175421491,1209.1600503205632,-1.5636001619788047,Caution
3885,960.0,754.0,552.4198114397603,636.8030268766275,1189.2228383163879,-1.6832264482228103,Caution
3890,5.0,649.0,538.9749380027505,637.9198671690755,1176.894805171826,-1.7571965109110188,Caution
3895,3.0,626.0,539.1215213674874,638.526123778549,1177.6476451460364,-1.7526793572472081,Caution
3900,4.0,627.0,555.1946755803631,638.7975708131255,1193.9922463934886,-1.6546092786944813,Caution
3905,801.0,632.0,585.0597467977138,638.8931660907654,1223.9529128884792,-1.4748407501038063,Normal
3910,814.0,630.0,623.4876439122338,638.902466357029,1262.3901102692628,-1.2442117546691382,Normal
3915,985.0,754.0,664.9200763300586,638.833523621591,1303.7535999516494,-0.9960245630116538,Normal
3920,825.0,642.0,705.1786464842676,638.6234422485447,1343.8020887328123,-0.7557275755706856,Normal
3926,819.0,626.0,741.64251733825,638.1639159471002,1379.80643328535,-0.5396960649177575,Normal
3931,835.0,639.0,772.9187652088511,637.3372179115083,1410.2559831203594,-0.3569941623748594,Normal
3936,1012.0,761.0,798.519582419202,636.0427993748082,1434.5623817940102,-0.21115209555598133,Normal
3941,825.0,633.0,818.5663720753824,634.2067428527401,1452.7731149281226,-0.10188494355106202,Normal
3946,1009.0,759.0,833.5548034687627,631.7857254511446,1465.3405289199072,-0.02647855958858501,Normal
3951,811.0,610.0,844.1870774823389,628.7662160760316,1472.9532935583704,0.019199179182428923,Normal
3956,842.0,623.0,851.2578249331181,625.1562020471792,1476.4140269802974,0.03996410292697931,Normal
3961,854.0,629.0,855.5833728048785,620.981571863015,1476.5649446678935,0.04086963186913411,Normal
3966,1022.0,738.0,857.9459849643398,616.2933808761279,1474.2393658404676,0.026915807310595376,Normal
3971,834.0,611.0,859.0388548437085,611.1768983234289,1470.2157531671373,0.0027735229583994436,Normal
3976,828.0,597.0,859.4401023815916,605.7492985977947,1465.1894009793864,-0.02738535008007532,Normal
3981,854.0,605.0,859.6114465066009,600.1413770142098,1459.7528235208106,-0.06000563676364465,Normal
3986,844.0,592.0,859.8899580140242,594.4754097739228,1454.365367787947,-0.09233118566644413,Normal
3991,853.0,580.0,860.490299637624,588.855562423434,1449.3458620610581,-0.1224489789046601,Normal
3996,860.0,579.0,861.5304015635787,583.3740669380192,1444.9044685015979,-0.1490980117360815,Normal
4001,1023.0,669.0,863.0487252338238,578.1188814524494,1441.1676066862733,-0.1715197475876486,Normal
4006,825.0,552.0,865.0024085375059,573.177463784937,1438.1798723224429,-0.18944660547298292,Normal
4011,850.0,568.0,867.2616370402759,568.6483325713887,1435.9099696116646,-0.20306636491420982,Normal
4016,1023.0,635.0,869.5912674647152,564.6525599939272,1434.2438274586425,-0.2130634697290094,Normal
4021,845.0,558.0,871.6091531379507,561.3366002415272,1432.945753379478,-0.22085211045407857,Normal
4026,1017.0,604.0,872.8331745606084,558.877799071445,1431.7109736320535,-0.22826097561951716,Normal
4031,841.0,501.0,872.9218355431046,557.4847941562795,1430.4066296993842,-0.23608723641352666,Normal
4036,992.0,544.0,871.9007575717555,557.3746684767996,1429.2754260485551,-0.2428746293401809,Normal
4041,831.0,615.0,870.1748655264535,558.7242434392418,1428.8991089656952,-0.24513258873105684,Normal
4046,958.0,542.0,868.3825460121368,561.6074080652941,1429.9899540774309,-0.23858735314059218,Normal
4051,832.0,531.0,867.1374912467468,565.9522383473789,1433.0897295941256,-0.2199882313990653,Normal
4056,831.0,558.0,866.7883157170305,571.5412769539297,1438.3295926709602,-0.18854826074632117,Normal
4061,835.0,575.0,867.3406564201169,578.0361999107959,1445.3768563309127,-0.14626361334196483,Normal
4066,883.0,710.0,868.496504916473,585.0132119477545,1453.5097168642274,-0.09746522057084275,Normal
4071,891.0,592.0,869.7784430385548,592.0155412105672,1461.7939842491219,-0.04775836379970897,Normal
4076,1023.0,701.0,870.708453412173,598.6553337715579,1469.363787183731,-0.0023384017470102756,Normal
4081,881.0,585.0,870.938297257873,604.7872693641078,1475.7255666219808,0.035833236691800996,Normal
4086,1023.0,692.0,870.2959932053265,610.575806334098,1480.8717995394245,0.06671141223267014,Normal
4091,873.0,574.0,868.7793386561219,616.2942964247344,1485.0736350808563,0.09192306073820304,Normal
4096,865.0,587.0,866.524650327549,622.0792112019925,1488.6038615295415,0.11310495314964622,Normal
4101,1023.0,725.0,863.7710279913856,627.8819766308,1491.6530046221856,0.1314002726919764,Normal
4106,834.0,621.0,860.8239806886528,633.5474777759428,1494.3714584645954,0.14771140673745561,Normal
4111,819.0,639.0,858.0262548208717,638.9092711284811,1496.9355259493527,0.1630961992960283,Normal
4116,863.0,674.0,855.7348234447325,643.8900084796333,1499.6248319243657,0.17923244173038894,Normal
4121,1023.0,788.0,854.2824658260903,648.5629615929784,1502.8454274190685,0.19855650160620258,Normal
4126,827.0,641.0,853.9614166387719,653.1593941074377,1507.1208107462096,0.2242094479453556,Normal
4131,1013.0,766.0,855.0547476336778,658.0631421394991,1513.117889773177,0.26019282877902905,Normal
4136,827.0,622.0,857.819936053185,663.7416790381113,1521.5616150912963,0.3108564572572515,Normal
4141,834.0,628.0,862.3853783093003,670.5824775476926,1532.967855856993,0.3792956263105542,Normal
4146,1023.0,764.0,868.6489682725651,678.7182049567834,1547.3671732293485,0.46569370751383043,Normal
4151,825.0,628.0,876.2144342783092,687.8981055776895,1564.1125398559989,0.5661684389316928,Normal
4156,1016.0,775.0,884.434074133765,697.4922988580239,1581.9263729917889,0.6730541309411213,Normal
4161,818.0,645.0,892.6415299471798,706.7094774235524,1599.351007370732,0.7776045715682296,Normal
4166,999.0,798.0,900.355434177015,714.8577866410865,1615.2132208181015,0.8727802503903809,Normal
4171,799.0,687.0,907.247670431961,721.4410829874857,1628.6887534194466,0.9536354833046591,Normal
4176,981.0,801.0,913.0145777083796,726.1410710955828,1639.1556488039623,1.0164384380553995,Normal
4182,811.0,665.0,917.2839707480392,728.8029735573565,1646.0869443053957,1.058027258975928,Normal
4187,991.0,814.0,919.55269533154,729.4342972931762,1648.986992624716,1.0754279873373365,Normal
4192,817.0,677.0,919.1443131699498,728.1918465976446,1647.3361597675944,1.0655227406124839,Normal
4197,991.0,806.0,915.1953366373751,725.3645193819667,1640.5598560193419,1.0248638936435583,Normal
4202,811.0,674.0,906.6825491558627,721.3768088683728,1628.0593580242355,0.9498590157778849,Normal
4207,996.0,817.0,892.4867556870976,716.8144883963706,1609.3012440834682,0.8373074961769514,Normal
4212,817.0,667.0,871.4903606323743,712.4517275217206,1583.942088154095,0.6851487266620235,Normal
4217,995.0,800.0,842.6164054049601,709.1924815488966,1551.8088869538567,0.4923446613839437,Normal
4222,796.0,649.0,804.7169763698164,707.845078960711,1512.5620553305275,0.25685773808897977,Normal
4227,809.0,652.0,756.5456383151557,708.8849282871523,1465.4305666023079,-0.025938319881781996,Normal
4232,1000.0,780.0,697.0532420978166,712.3688346706041,1409.4220767684205,-0.3619977265611075,Normal
4237,824.0,667.0,625.9043305483968,717.9267663779702,1343.831096926367,-0.7555535220237364,Normal
4242,995.0,810.0,544.0950649550174,724.8204788037781,1268.9155437587956,-1.2050581671804967,Normal
4247,805.0,678.0,454.6565874940752,732.1334270180326,1186.790014512108,-1.6978237588563667,Caution
4252,0.0,819.0,362.90890482601884,738.9619700046417,1101.8708748306606,-2.2073514354944086,Caution
4257,0.0,691.0,275.2373485909003,744.5394021938963,1019.7767507847966,-2.699928591217323,Caution
4262,0.0,798.0,196.89829200090574,748.4000171868096,945.2983091877153,-3.146810500866176,Danger
4267,0.0,792.0,130.83789605804225,750.495759088093,881.3336551461352,-3.530608095648956,Danger
4272,0.0,674.0,77.95929833065136,751.129317464172,829.0886157948233,-3.844086230453386,Danger
4277,0.0,760.0,37.78278799784654,750.7994489492945,788.582236947141,-4.087130627519846,Danger
4282,0.0,698.0,8.980299128533161,750.0499630344493,759.0302621629825,-4.2644469440572355,Danger
4287,0.0,748.0,-10.21363992878408,749.3061642102444,739.0925242814603,-4.384076385644827,Danger
4292,0.0,672.0,-21.70320520685373,748.7695685531302,727.0663633462765,-4.456235169438042,Danger
4297,0.0,741.0,-27.328561953219225,748.4577055238341,721.1291435706148,-4.491859385714026,Danger
4302,0.0,828.0,-28.740995154420542,748.2993608719494,719.5583657175289,-4.501284290311501,Danger
4307,0.0,748.0,-27.337997710952873,748.1783221413295,720.8403244303767,-4.493592344220744,Danger
4312,0.0,709.0,-24.24202713540359,747.9443611653467,723.7023340299431,-4.476419853928764,Danger
4317,0.0,836.0,-20.30897567308279,747.428414568992,727.1194388959092,-4.455916708115988,Danger
4322,0.0,724.0,-16.155016737755016,746.4439018550416,730.2888851172867,-4.436899551613159,Danger
4327,0.0,838.0,-12.193080358193345,744.804175798093,732.6110954398996,-4.4229659385927675,Danger
4332,0.0,710.0,-8.672574006725414,742.4446820291971,733.7721080224717,-4.415999687568975,Danger
4337,0.0,831.0,-5.71799394683065,739.5693352008855,733.8513412540548,-4.415524276200554,Danger
4342,0.0,717.0,-3.36372323018971,736.685183942863,733.3214607126732,-4.418703639559141,Danger
4347,0.0,812.0,-1.5835885519123347,734.5199938899668,732.9364053380544,-4.421014030021673,Danger
4352,0.0,703.0,-0.31468128688289765,733.8344125850009,733.519731298118,-4.417513986070818,Danger
4357,0.0,694.0,0.524413776480432,735.2210745136734,735.7454882901538,-4.404159107616242,Danger
4362,0.0,694.0,1.0204407116270078,738.9959461232655,740.0163868348925,-4.378533070649538,Danger
4367,0.0,710.0,1.2565928140105214,745.144420674617,746.4010134886275,-4.340224345463646,Danger
4372,0.0,812.0,1.3071028766954298,753.2695722292292,754.5766751059247,-4.291169139717723,Danger
4377,0.0,698.0,1.2344934834771375,762.5536672735301,763.7881607570072,-4.23589883316743,Danger
4382,0.0,839.0,1.0887542017997316,771.8075576346914,772.8963118364911,-4.181248549669426,Danger
4387,0.0,726.0,0.9078206947642486,779.7039794941883,780.6118001889525,-4.134954453084078,Danger
4392,0.0,841.0,0.7188503322216536,785.1313409030491,785.8501912352708,-4.103523314836982,Danger
4397,0.0,846.0,0.5399061635232748,787.4449960206663,787.9849021841895,-4.090714726405957,Danger
4402,0.0,728.0,0.3817675142869597,786.5253041407257,786.9070716550126,-4.097181872533453,Danger
4407,0.0,834.0,0.24967634216351428,782.7417441966234,782.9914205387869,-4.120676371220791,Danger
4412,0.0,702.0,0.14490210073414778,776.8471093034433,776.9920114041774,-4.156673733052594,Danger
4417,0.0,816.0,0.0660644923837905,769.7507999774965,769.8168644698803,-4.199725699437126,Danger
4422,0.0,686.0,0.010194681578734302,762.2742092090673,762.284403890646,-4.244921601711951,Danger
4427,0.0,778.0,-0.026456481614404524,755.0305848864753,755.0041284048608,-4.288604355299332,Danger
4432,0.0,643.0,-0.04783742077405221,748.4147910821927,748.3669536614186,-4.328428407205095,Danger
4438,0.0,801.0,-0.0577071733998311,742.62955747111,742.5718502977102,-4.363199903523407,Danger
4443,0.0,687.0,-0.05940133743989401,737.7246158926768,737.6652145552368,-4.392640459790816,Danger
4448,0.0,827.0,-0.05571597710101118,733.6653540241392,733.6096380470382,-4.416974531984693,Danger
4453,0.0,690.0,-0.04887650827428485,730.4402026320895,730.3913261238152,-4.436284890086385,Danger
4458,0.0,830.0,-0.04056358530956119,728.1122304321107,728.0716668468011,-4.450203196447502,Danger
4463,0.0,704.0,-0.031973466118391004,726.7016026259511,726.6696291598327,-4.458615634537193,Danger
4468,0.0,692.0,-0.023895640668521255,726.012060630995,725.9881649903265,-4.462704522581785,Danger
4473,0.0,681.0,-0.016795295215703318,725.5700075636832,725.5532122684675,-4.4653143046715185,Danger
4478,0.0,787.0,-0.010892253306315498,724.6413760631009,724.6304838097946,-4.470850814926793,Danger
4483,0.0,791.0,-0.006231315548167392,722.2919676857528,722.2857363702046,-4.484919654056334,Danger
4488,0.0,672.0,-0.002741432331631303,717.6027429525296,717.600001520198,-4.513034771571913,Danger
4493,0.0,791.0,-0.0002829609978538067,710.0288833812194,710.0286004202216,-4.558464322858436,Danger
4498,0.0,682.0,0.0013165153818423454,699.6226624954704,699.6239790108523,-4.6208936243433705,Danger
4503,0.0,809.0,0.0022365826999109608,686.95342770566,686.9556642883599,-4.696905427944829,Danger
4508,0.0,659.0,0.0026469978947624394,672.9383933152541,672.9410403131488,-4.780995290605145,Danger
4513,0.0,751.0,0.0026975768948331582,658.7661482766738,658.7688458535687,-4.866030599994061,Danger
4518,0.0,600.0,0.0025133111562225447,645.7814001047495,645.7839134159058,-4.9439421577545755,Danger
4523,0.0,567.0,0.0021932298719887686,635.2466232887442,635.2488165186162,-5.0071543318930445,Danger
4528,0.0,543.0,0.0018117558772161569,628.1072659278004,628.1090776836777,-5.049993844328229,Danger
4533,0.0,586.0,0.0014215519676418263,624.8772866821683,624.878708234136,-5.069376549410758,Danger
4538,0.0,589.0,0.001057094447451707,625.6367134405957,625.6377705350432,-5.064822060846041,Danger
4543,0.0,587.0,0.0007384260188867426,630.058710531238,630.0594489572569,-5.038291321818742,Danger
4548,0.0,611.0,0.000474722221757194,637.4262216595123,637.426696381734,-4.994086723450308,Danger
4553,0.0,651.0,0.0002674518041087099,646.6816427151089,646.681910166913,-4.938554041484373,Danger
4558,0.0,680.0,0.00011302279681477812,656.565543429113,656.5656564519097,-4.879250069494481,Danger
4563,0.0,720.0,4.886200341872307e-06,665.8342572917445,665.8342621779449,-4.82363703385874,Danger
4568,0.0,718.0,-6.487715683087408e-05,673.4861616507441,673.4860967735872,-4.777724869437838,Danger
4573,0.0,723.0,-0.00010442867391983993,678.9149474931287,678.9148430644548,-4.745151570944477,Danger
4578,0.0,653.0,-0.00012142893752392819,681.9495038486034,681.9493824196659,-4.726943876034619,Danger
4583,0.0,685.0,-0.00012260120126836936,682.8032971218706,682.8031745206694,-4.721820994347545,Danger
4588,0.0,768.0,-0.00011352649855870861,681.945912985069,681.9457994585704,-4.7269653743428846,Danger
4593,0.0,662.0,-9.860376793479963e-05,679.9235593514212,679.9234607476533,-4.739099712356838,Danger
4598,0.0,663.0,-8.111903366338883e-05,677.2397958401526,677.239714721119,-4.7552025942597425,Danger
4603,0.0,681.0,-6.337903011648441e-05,674.340647361298,674.3405839822678,-4.77259781699961,Danger
4608,0.0,674.0,-4.687553272281898e-05,671.6167247539438,671.6166778784111,-4.788941665438074,Danger
4613,0.0,656.0,-3.245635768939282e-05,669.3813779754882,669.3813455191306,-4.802353997543776,Danger
4618,0.0,661.0,-2.0487159491749064e-05,667.8562793318044,667.8562588446449,-4.811504748161802,Danger
4623,0.0,649.0,-1.0994681133818849e-05,667.1613562630278,667.1613452683466,-4.815674334680504,Danger
4628,0.0,643.0,-3.7870571431420214e-06,667.2880270098361,667.288023222779,-4.81491424780203,Danger
4633,0.0,648.0,1.4497050562093861e-06,668.0659871470218,668.0659885967269,-4.810246337941196,Danger
4638,0.0,672.0,5.077620198759073e-06,669.1508428426034,669.1508479202237,-4.80373701798513,Danger
4643,0.0,761.0,7.4522100091760556e-06,670.0544912938268,670.0544987460368,-4.798314976411278,Danger
4648,0.0,663.0,8.884209386725093e-06,670.2272209204003,670.2272298046097,-4.797278563945395,Danger
4653,0.0,696.0,9.614109241666766e-06,669.1809362539539,669.1809458680631,-4.803556425747718,Danger
4658,0.0,786.0,9.796537357623558e-06,666.6118808275846,666.611890624122,-4.818971145615471,Danger
4663,0.0,680.0,9.492135972780256e-06,662.4787272164315,662.4787367085675,-4.843770693982068,Danger
4668,0.0,795.0,8.665421035386832e-06,657.0336666876209,657.033675353042,-4.876441885329979,Danger
4673,0.0,675.0,7.188023704173801e-06,650.8193357540639,650.8193429420876,-4.913728819313153,Danger
4678,0.0,611.0,4.847654836040031e-06,644.6089328934262,644.608937741081,-4.9509921894429025,Danger
4683,0.0,592.0,1.364039043881523e-06,639.2485196397196,639.2485210037586,-4.983155500284549,Danger
4688,0.0,613.0,-3.586125727075552e-06,635.4530063668279,635.4530027807023,-5.005929183450509,Danger
4694,0.0,602.0,-1.0332488467464396e-05,633.6873212529866,633.6873109204981,-5.016523601558881,Danger
4699,0.0,610.0,-1.9159576598510885e-05,634.1563535168443,634.1563343572677,-5.0137093900286835,Danger
4704,0.0,633.0,-3.0237480615086207e-05,636.8380406469591,636.8380104094786,-4.997618928284671,Danger
4709,0.0,733.0,-4.353217761526881e-05,641.554855930852,641.5548123986744,-4.969317403237053,Danger
4714,0.0,657.0,-5.86942333918578e-05,648.0911053363695,648.0910466421361,-4.9300990095919195,Danger
4719,0.0,671.0,-7.492678539005797e-05,656.2893094756025,656.2892345488171,-4.880908642704042,Danger
4724,0.0,655.0,-9.083698683654135e-05,666.0581778719784,666.0580870349916,-4.82229405087737,Danger
4729,0.0,632.0,-0.00010427967770811582,677.3144734871952,677.3143692075175,-4.754754656054669,Danger
4734,0.0,672.0,-0.00011220808428216165,689.9209812202726,689.9208690121883,-4.679113751305664,Danger
4739,0.0,675.0,-0.00011055388364326259,703.6311634202739,703.6310528663903,-4.596850575398359,Danger
4744,0.0,829.0,-9.416789407960337e-05,718.023294763252,718.0232005953579,-4.510495513139356,Danger
4749,0.0,696.0,-5.686262640927597e-05,732.4488998630828,732.4488430004565,-4.423939477759656,Danger
4754,0.0,818.0,8.39170528582871e-06,746.0817526626721,746.0817610543774,-4.342139908335512,Danger
4759,0.0,710.0,0.0001090564393665393,758.08818077173,758.0882898281693,-4.270098920478747,Danger
4764,0.0,834.0,0.0002523303195529887,767.7462682179981,767.7465205483177,-4.212148075972648,Danger
4769,0.0,701.0,0.0004441003592556255,774.4783519133873,774.4787960137465,-4.171753405357106,Danger
4774,0.0,826.0,0.0006874705598274817,777.9806314363103,777.9813189068701,-4.15073773846741,Danger
4779,0.0,832.0,0.0009808166481334122,778.3751832313529,778.3761640480011,-4.1483686079257325,Danger
4784,0.0,679.0,0.0013153453869719175,776.1992611977755,776.2005765431625,-4.161422461872223,Danger
4789,0.0,801.0,0.001672187081719998,772.2954851203274,772.2971573074091,-4.184843567427443,Danger
4794,0.0,709.0,0.0020191243913243026,767.667241659417,767.6692607838082,-4.2126116462402665,Danger
4799,0.0,779.0,0.002307163773803994,763.2733088140021,763.2756159777759,-4.238974179332197,Danger
4804,0.0,705.0,0.00246729099604834,759.8576659154805,759.8601332064766,-4.2594675923317356,Danger
4809,0.0,765.0,0.002407920018636466,757.9012896557743,757.903697575793,-4.271206501900692,Danger
4814,0.0,712.0,0.0020137425319362704,757.6377521919599,757.6397659344918,-4.272790131651157,Danger
4819,0.0,749.0,0.001146905496920418,759.0943717885893,759.0955186940863,-4.264055395004766,Danger
4824,0.0,739.0,-0.00034832896802998583,762.1393785777321,762.1390302487641,-4.24579386554164,Danger
4829,0.0,877.0,-0.002636077681646208,766.496220774089,766.4935846964073,-4.219665880509943,Danger
4834,0.0,745.0,-0.005872965221479464,771.7256363820369,771.7197634168155,-4.188308018064634,Danger
4839,0.0,844.0,-0.010184315931972983,777.2299325748762,777.2197482589443,-4.155307277493465,Danger
4844,0.0,721.0,-0.015630952898439843,782.3297803957394,782.314149442841,-4.124740100190089,Danger
4849,0.0,816.0,-0.02216550987622646,786.3386542535503,786.3164887436741,-4.100725459289103,Danger
4854,0.0,712.0,-0.02957786395655831,788.6017570362812,788.5721791723247,-4.087190975689334,Danger
4859,0.0,820.0,-0.03743044011812715,788.5929302743175,788.5554998341994,-4.087291054239762,Danger
4864,0.0,816.0,-0.044985827474241485,786.0284835589649,785.9834977314907,-4.102723455705642,Danger
4869,0.0,678.0,-0.05113147439545064,780.913362059276,780.8622305848805,-4.1334518328470455,Danger
4874,0.0,832.0,-0.05430926141957885,773.5669258486869,773.5126165872673,-4.177550627988378,Danger
4879,0.0,696.0,-0.05246150109518929,764.6023769641279,764.5499154630327,-4.23132818976495,Danger
4884,0.0,833.0,-0.04300931469095439,754.7932060038539,754.750196689163,-4.290127983984332,Danger
4889,0.0,704.0,-0.02288419960867762,744.9689498579669,744.9460656583582,-4.348954252412393,Danger
4894,0.0,827.0,0.011361421894635,735.9826844996984,735.994045921593,-4.4026677242492775,Danger
4899,0.0,667.0,0.06333435269934062,728.580443812314,728.6437781650134,-4.446770442043247,Danger
4904,0.0,683.0,0.13643788510063126,723.2426202740113,723.3790581591119,-4.4783595580284015,Danger
4909,0.0,828.0,0.233331711650425,720.1258506493646,720.359182361015,-4.496479269378656,Danger
4914,0.0,683.0,0.35518295491656243,719.0366981217503,719.3918810766669,-4.50228322332675,Danger
4919,0.0,822.0,0.5006853217394573,719.4841119217675,719.9847972435069,-4.498725636685336,Danger
4924,0.0,673.0,0.6648395728376251,720.8985052949931,721.5633448678308,-4.489254112285755,Danger
4929,0.0,799.0,0.8375145876969041,722.8489739753016,723.6864885629985,-4.476514929126038,Danger
4934,0.0,664.0,1.0018465680299011,725.0978947615812,726.0997413296111,-4.462035047677344,Danger
4939,0.0,814.0,1.1325863759176438,727.5604835937021,728.6930699696197,-4.446474683763399,Danger
4944,0.0,659.0,1.1945730098434875,730.2486325916136,731.4432056014571,-4.429973454191525,Danger
4950,0.0,794.0,1.1415949629302935,733.2133684989702,734.3549634619005,-4.412502466813065,Danger
4955,0.0,659.0,0.9159989922460992,736.4942779798575,737.4102769721036,-4.3941701238325015,Danger
4960,0.0,798.0,0.4495132610994649,740.0743829851385,740.523896246238,-4.375487937453361,Danger
4965,0.0,647.0,-0.3341391633747917,743.83777931201,743.5036401486352,-4.3576090235446685,Danger
4970,0.0,802.0,-1.5141626352061752,747.5304223213674,746.0162596861612,-4.342532926447671,Danger
4975,0.0,654.0,-3.164405103056959,750.7185055430583,747.5541004400013,-4.333305649425284,Danger
4980,0.0,793.0,-5.341112832122561,752.7421666981279,747.4010538660053,-4.3342239520076955,Danger
4985,0.0,646.0,-8.066042202759217,752.764081998006,744.6980397952467,-4.350442445088996,Danger
4990,0.0,803.0,-11.30444758659775,750.0124201436298,738.707972557032,-4.3863837541300725,Danger
4995,0.0,795.0,-14.937837127322132,744.048011221495,729.1101740941729,-4.443971995955951,Danger
5000,0.0,647.0,-18.73198311631833,734.8866915399217,716.1547084236033,-4.521706748658955,Danger
5005,0.0,801.0,-22.301540207050838,723.0667862839426,700.7652460768918,-4.61404584940401,Danger
5010,0.0,653.0,-25.073806346187094,709.6543132999017,684.5805069537146,-4.71115673104224,Danger
5015,0.0,797.0,-26.25568620210077,696.0006016111683,669.7449154090676,-4.800172523237629,Danger
5020,0.0,645.0,-24.80978599667082,683.329604791782,658.5198187951112,-4.867524799994106,Danger
5025,0.0,637.0,-19.44774036595599,672.4892792380108,653.0415388720548,-4.90039530776937,Danger
5030,0.0,623.0,-8.651243380300222,663.9452652376127,655.2940218573125,-4.886880069314878,Danger
5035,0.0,641.0,9.266358180344065,657.8524047503395,667.1187629306835,-4.815929835144319,Danger
5040,0.0,651.0,36.04294154602361,654.1248412871155,690.1677828331391,-4.67763223105015,Danger
5045,0.0,656.0,73.27857234172451,652.5015333542873,725.7801056960118,-4.463952909803239,Danger
5050,0.0,640.0,122.1580206785862,652.6133758063137,774.7713964848999,-4.1699977582932135,Danger
5055,0.0,663.0,183.07012468885412,654.0542180848456,837.1243427736997,-3.7958706536940863,Danger
5060,0.0,669.0,255.11399504139217,656.43775371793,911.5517487593222,-3.3492949654298347,Danger
5065,722.0,660.0,335.49755001675516,659.4264726572401,994.9240226739953,-2.8490487172562364,Caution
5070,11.0,663.0,419.3014508686915,662.7339023451734,1082.035353213865,-2.326367564040016,Caution
5075,759.0,654.0,500.54835712705307,666.1060379331607,1166.6543950602138,-1.8186405197830304,Caution
5080,761.0,677.0,574.1946036454151,669.3000310833711,1243.4946347287862,-1.3575874646354205,Normal
5085,779.0,690.0,637.2781813682825,672.089842848324,1309.3680242166065,-0.9623371686019244,Normal
5090,761.0,685.0,688.7403556504038,674.300646905223,1363.0410025556266,-0.6402911839874613,Normal
5095,757.0,682.0,728.8295589875244,675.8357220462198,1404.6652810337441,-0.3905392201280865,Normal
5100,774.0,682.0,758.603696161819,676.6760754115329,1435.2797715733518,-0.20684764842094208,Normal
5105,769.0,670.0,779.5547639158801,676.8682361396818,1456.423000055562,-0.07998508097642724,Normal
5110,806.0,781.0,793.3344509409305,676.5155653933934,1469.850016334324,0.0005790466673842447,Normal
5115,806.0,687.0,801.5626835697611,675.7682560401469,1477.330939609908,0.04546571732861019,Normal
5120,751.0,667.0,805.7084917831845,674.7959388154438,1480.5044305986285,0.06450714304700764,Normal
5125,780.0,662.0,807.0256080625152,673.749068224472,1480.7746762869872,0.06612865803441104,Normal
5130,765.0,670.0,806.5182790039389,672.7377624515925,1479.2560414555314,0.05701661944998922,Normal
5135,803.0,674.0,804.9229596023328,671.8367521102584,1476.759711712591,0.042038263583287834,Normal
5140,778.0,675.0,802.7134862902547,671.1052426043985,1473.8187288946533,0.02439192204146913,Normal
5145,790.0,677.0,800.148076900161,670.6107759197565,1470.7588528199176,0.006032202983916802,Normal
5150,799.0,665.0,797.3544109928849,670.4406537230109,1467.795064715896,-0.011750973722235662,Normal
5155,799.0,660.0,794.4151751163763,670.6863490216303,1465.1015241380067,-0.027912624414064956,Normal
5160,802.0,659.0,791.4246865578752,671.4107975400885,1462.8354840979637,-0.04150920724689983,Normal
5165,790.0,671.0,788.5179942636888,672.6210819919281,1461.139076255617,-0.05168791077338252,Normal
5170,760.0,685.0,785.8776503989668,674.2510445445453,1460.128694943512,-0.05775035140109677,Normal
5175,779.0,662.0,783.7211618289879,676.1532147944635,1459.8743766234513,-0.05927629977072389,Normal
5180,790.0,667.0,782.2642032969283,678.1133374264014,1460.3775407233297,-0.05625723910029736,Normal
5185,759.0,686.0,781.6582176539233,679.8939415003314,1461.5521591542547,-0.049209350929379204,Normal
5190,760.0,690.0,781.9552606036941,681.286247909776,1463.24150851347,-0.039072999368824766,Normal
5195,783.0,697.0,783.1408788103556,682.1429853820238,1465.2838641923795,-0.026818556520641076,Normal
5200,804.0,689.0,785.184020705367,682.3902773553785,1467.5742980607456,-0.01307560702987236,Normal
5206,812.0,694.0,788.0548206550989,682.0307129981991,1470.085533653298,0.0019921861880504046,Normal
5211,786.0,684.0,791.7180261816679,681.1395880726221,1472.8576142542902,0.018625088892616378,Normal
5216,767.0,678.0,796.1118352191706,679.8486484646513,1475.960483683822,0.037242774578921056,Normal
5221,773.0,655.0,801.1132334919267,678.3179183077203,1479.431151799647,0.05806730798884192,Normal
5226,828.0,675.0,806.5157840026808,676.7114088855691,1483.2271928882499,0.08084412842713116,Normal
5231,967.0,780.0,812.0658695921886,675.1896848590804,1487.255554451269,0.10501490683542429,Normal
5236,820.0,677.0,817.5379010913277,673.9126437433785,1491.4505448347063,0.13018548335810054,Normal
5241,820.0,650.0,822.7651351871448,673.0338988887082,1495.799034075853,0.15627707623384662,Normal
5246,815.0,642.0,827.6068345311065,672.6669473893701,1500.2737819204767,0.18312623981893636,Normal
5251,833.0,659.0,831.9020379019325,672.8318097227755,1504.733847624708,0.20988730834194289,Normal
5256,971.0,773.0,835.4468071669806,673.4259189534682,1508.872726120449,0.23472120505513333,Normal
5261,829.0,671.0,837.9960562613844,674.2431024496117,1512.239158710996,0.25492030955447786,Normal
5266,971.0,758.0,839.3536365938693,675.0686350747553,1514.4222716686245,0.2680193173554469,Normal
5271,823.0,655.0,839.6212411240879,675.8664247391536,1515.4876658632415,0.2744118435953881,Normal
5276,985.0,763.0,839.3464867896168,676.8777990667255,1516.2242858563422,0.27883167492031297,Normal
5281,800.0,630.0,839.313705279167,678.462587086313,1517.77629236548,0.28814394861614323,Normal
5286,813.0,646.0,840.2446662631212,680.8720506894706,1521.1167169525918,0.3081870011628415,Normal
5291,987.0,774.0,842.670755084173,684.1719290520556,1526.8426841362286,0.3425436699483303,Normal
5296,815.0,670.0,846.8888581319092,688.2568545431105,1535.1457126750197,0.3923630964792593,Normal
5301,818.0,666.0,852.9247659719817,692.8692477478656,1545.7940137198475,0.456254512617792,Normal
5306,821.0,700.0,860.5044354627101,697.6444102540114,1558.1488457167216,0.5303853724714734,Normal
5311,990.0,775.0,869.0197891758143,702.1716023091797,1571.1913914849938,0.6086426189259492,Normal
5316,831.0,692.0,877.4900950115405,706.0159806997283,1583.5060757112687,0.682532586086272,Normal
5321,997.0,769.0,884.6145417879686,708.7318329718868,1593.3463747598553,0.7415758680891069,Normal
5326,810.0,657.0,889.0834668740106,709.950028570997,1599.0334954450077,0.7756994520106588,Normal
5331,980.0,744.0,890.0415272667566,709.5160605099906,1599.5575877767471,0.7788440852362984,Normal
5336,964.0,741.0,887.3350683768219,707.5471142295884,1594.8821826064104,0.7507909473604373,Normal
5341,819.0,665.0,881.4510586760737,704.3635220245654,1585.814580700639,0.6963839650351584,Normal
5346,922.0,692.0,873.3582360706006,700.4126295453599,1573.7708656159605,0.624119853691041,Normal
5351,823.0,813.0,864.3482458826765,696.2369478390472,1560.5851937217235,0.5450038288421705,Normal
5356,898.0,683.0,855.8049326654275,692.4187316341906,1548.2236642996181,0.47083278342454704,Normal
5361,800.0,810.0,848.930198826683,689.5209595257413,1538.4511583524243,0.41219627027940753,Normal
5366,758.0,632.0,844.5623034391119,688.0550010893791,1532.6173045284909,0.3771922653412351,Normal
5371,800.0,660.0,843.1068661673185,688.4153839341856,1531.5222501015041,0.3706217732228764,Normal
5376,789.0,652.0,844.5209193990971,690.7831322723473,1535.3040516714445,0.3933131543963813,Normal
5381,849.0,686.0,848.3340583848443,695.0721762197304,1543.4062346045748,0.4419274769283863,Normal
5386,953.0,791.0,853.7296554807459,700.9512401604893,1554.680895641235,0.5095771477145123,Normal
5391,833.0,683.0,859.6753698091342,707.8966858073746,1567.5720556165088,0.5869260565236479,Normal
5396,956.0,777.0,865.0828415696891,715.2605106942304,1580.3433522639195,0.663555767243999,Normal
5401,828.0,660.0,869.0004952314124,722.3898736469038,1591.3903688783162,0.7298395370799892,Normal
5406,968.0,774.0,870.7418922522625,728.7185368064464,1599.460429058709,0.7782611182390724,Normal
5411,809.0,655.0,869.9679959911052,733.8048885675346,1603.7728845586398,0.804136503219742,Normal
5416,956.0,774.0,866.8990143193186,737.4402856900526,1604.339300009371,0.8075350815579777,Normal
5421,958.0,791.0,862.4625798445728,739.7209279331671,1602.18350777774,0.7946000022434933,Normal
5426,802.0,668.0,858.0231262856687,740.8969639848796,1598.9200902705484,0.7750190038186758,Normal
5431,801.0,695.0,854.8473717559596,741.1589876137656,1596.006359369725,0.7575361778996406,Normal
5436,794.0,739.0,853.7464141217891,740.5849959883654,1594.3314101101546,0.7474862291140432,Normal
5441,812.0,736.0,854.9998382490528,739.1889299405565,1594.1887681896092,0.7466303560253692,Normal
5446,826.0,742.0,858.3949455030055,736.9540507948482,1595.3489962978538,0.7535919000845959,Normal
5451,970.0,830.0,863.2913076169013,733.8583922807297,1597.149699897631,0.7643963939236773,Normal
5456,831.0,683.0,868.697366949955,729.9124524851848,1598.6098194351398,0.7731573318977483,Normal
5462,1009.0,791.0,873.4248867693408,725.208528349554,1598.6334151188948,0.7732989095676056,Normal
5467,858.0,677.0,876.375103246793,719.9454919588732,1596.320595205666,0.7594216404232134,Normal
5472,1004.0,750.0,876.7903769123396,714.3807882676899,1591.1711651800297,0.7285242817498321,Normal
5477,839.0,641.0,874.3496948875566,708.7720417588248,1583.1217366463814,0.6802264935904233,Normal
5482,988.0,776.0,869.1925208550667,703.3833291889123,1572.575850043979,0.6169495795900303,Normal
5487,780.0,661.0,861.9193832012362,698.518905447555,1560.438288648791,0.5441223761946472,Normal
5492,976.0,818.0,853.4803789047746,694.499170634249,1547.9795495390235,0.46936805795434794,Normal
5497,798.0,659.0,844.8687575793141,691.5520398265564,1536.4207974058704,0.4000137976387878,Normal
5502,814.0,682.0,836.8058951170988,689.7214343738553,1526.5273294909541,0.3406514943996084,Normal
5507,795.0,665.0,829.6551447229222,688.8721889756349,1518.527333698557,0.2926503101612243,Normal
5512,816.0,688.0,823.5067997297907,688.7475142811998,1512.2543140109906,0.2550112436457083,Normal
5517,824.0,695.0,818.2860680453438,689.0304034237645,1507.3164714691084,0.22538344186382803,Normal
5522,818.0,699.0,813.8392128106761,689.3993084633131,1503.2385212739891,0.20091512416584856,Normal
5527,820.0,698.0,810.0069829688781,689.5765941851215,1499.5835771539996,0.178984906871066,Normal
5532,833.0,704.0,806.6915423933027,689.36144090824,1496.0529833015426,0.15780080998144552,Normal
5537,833.0,704.0,803.906843199494,688.6479377318044,1492.5547809312984,0.13681106688222752,Normal
5542,809.0,682.0,801.8018541845853,687.4447604371469,1489.246614621732,0.1169615688777884,Normal
5547,810.0,707.0,800.6545004589148,685.8904829251616,1486.5449833840762,0.10075137300416845,Normal
5552,754.0,682.0,800.8392480450848,684.2297687348116,1485.0690167798964,0.09189535023422302,Normal
5557,779.0,686.0,802.7606688230005,682.7529414146704,1485.513610237671,0.09456297819698992,Normal
5562,794.0,678.0,806.7369742170903,681.7483451384144,1488.4853193555045,0.11239368218355707,Normal
5567,764.0,640.0,812.8558172831257,681.4843096120272,1494.340126895153,0.14752341258391913,Normal
5572,746.0,658.0,820.8772405938813,682.1877217372381,1503.0649623311194,0.19987374426902094,Normal
5577,797.0,682.0,830.2223675901162,683.9851671727463,1514.2075347628625,0.2667308634557511,Normal
5582,821.0,639.0,840.0031418292456,686.8172327792523,1526.8203746084978,0.34240980940906635,Normal
5587,857.0,682.0,849.0742625011956,690.3855011034258,1539.4597636046215,0.41824805427916034,Normal
5592,885.0,658.0,856.1562399577184,694.1733505714199,1550.3295905291384,0.4834686591873464,Normal
5597,1023.0,735.0,860.0367031350848,697.5038392392826,1557.5405423743673,0.5267354604506546,Normal
5602,913.0,683.0,859.7869823774325,699.6005879011176,1559.3875702785501,0.5378179071197358,Normal
5607,1020.0,751.0,854.943445704239,699.7179126761813,1554.6613583804203,0.5094599211958716,Normal
5612,892.0,882.0,845.6513295531337,697.3624579466846,1543.0137874998181,0.43957273496750315,Normal
5617,940.0,751.0,832.7511076254469,692.4863103483664,1525.2374179738133,0.3329118302807431,Normal
5622,790.0,840.0,817.7168279586693,685.5838927005005,1503.3007206591699,0.20128832988058315,Normal
5627,776.0,666.0,802.3829287759244,677.6951480785888,1480.0780768545133,0.061948956123778466,Normal
5632,744.0,592.0,788.5762561194014,670.2125445501948,1458.7888006695962,-0.06578991961728459,Normal
5637,711.0,577.0,777.8372928976015,664.459138306695,1442.2964312042964,-0.1647466298175211,Normal
5642,660.0,597.0,771.2482087506688,661.2830238867543,1432.5312326374233,-0.22333929757596555,Normal
5647,660.0,633.0,769.3216503979206,660.9065694664407,1430.2282198643613,-0.23715772239665825,Normal
5652,724.0,679.0,771.9695008515616,663.0333531450183,1435.00285399658,-0.2085091957475178,Normal
5657,764.0,680.0,778.5598130291629,667.1049995296738,1445.6648125588367,-0.14453583243959134,Normal
5662,809.0,701.0,788.0713224860676,672.5473526941956,1460.6186751802634,-0.054810395902642806,Normal
5667,815.0,678.0,799.3328828259631,678.8732668138367,1478.2061496397998,0.05071710982709688,Normal
5672,870.0,703.0,811.2493546901344,685.6718014770379,1496.9211561671723,0.16300997843044182,Normal
5677,850.0,677.0,822.9428401536683,692.5843695913732,1515.5272097450415,0.2746491128646528,Normal
5682,854.0,694.0,833.8151693158153,699.2972486136124,1533.1124179294277,0.38016302060086254,Normal
5687,845.0,713.0,843.5326116514229,705.5339764083259,1549.066588059749,0.4758904534232492,Normal
5692,986.0,825.0,851.9477125055869,711.0457956147823,1562.9935081203691,0.5594540793364527,Normal
5697,831.0,707.0,859.0110597404437,715.6136676232015,1574.6247273636452,0.6292431532687326,Normal
5702,860.0,735.0,864.7170440197094,719.0781847451829,1583.7952287648923,0.6842675481237851,Normal
5707,872.0,730.0,869.0931873218315,721.3855984671234,1590.4787857889548,0.7243699007256035,Normal
5712,1010.0,822.0,872.2054785168636,722.6060559132646,1594.8115344301282,0.7503670476217583,Normal
5718,880.0,716.0,874.1529987176624,722.9075134868585,1597.0605122045208,0.7638612542811226,Normal
5723,868.0,716.0,875.0637773093794,722.5036198867214,1597.5673971961007,0.7669026408643034,Normal
5728,884.0,719.0,875.1015937063831,721.597409726833,1596.6990034332161,0.7616921469983815,Normal
5733,873.0,711.0,874.4622777672181,720.3453547605914,1594.8076325278093,0.7503436356179339,Normal
5738,875.0,712.0,873.353477232917,718.8531173356687,1592.2065945685858,0.7347370146231613,Normal
5743,867.0,727.0,871.9761480647675,717.1926484765603,1589.1687965413278,0.7165097671883572,Normal
5748,863.0,728.0,870.511431432654,715.4256457179802,1585.9370771506342,0.6971189622548264,Normal
5753,859.0,718.0,869.1097035143495,713.6237241735339,1582.7334276878832,0.6778965811327197,Normal
5758,867.0,692.0,867.8894638996816,711.880176285743,1579.7696401854246,0.6601134080360361,Normal
5763,876.0,710.0,866.9470706359645,710.3068804422556,1577.25395107822,0.6450188930568933,Normal
5768,872.0,698.0,866.3685338415457,709.013548596464,1575.3820824380098,0.633787398216086,Normal
5773,855.0,725.0,866.2322766794879,708.0745804792159,1574.3068571587037,0.6273358839816923,Normal
5778,834.0,695.0,866.5894064792957,707.4989384306243,1574.0883449099201,0.6260247774530899,Normal
5783,857.0,701.0,867.4270950801645,707.2244570437409,1574.6515521239053,0.62940410588581,Normal
5788,886.0,715.0,868.6424096752434,707.1390416399288,1575.781451315172,0.6361836718578747,Normal
5793,861.0,707.0,870.0381749746365,707.1085209765921,1577.1466959512286,0.6443753460795157,Normal
5798,1019.0,821.0,871.3412943518272,706.9983063366838,1578.339600688511,0.651532954853204,Normal
5803,855.0,695.0,872.257999694608,706.6951292449138,1578.9531289395218,0.6552142171158932,Normal
5808,884.0,715.0,872.5515198536044,706.1263293570123,1578.6778492106168,0.6535624971241383,Normal
5813,887.0,710.0,872.0919058846804,705.2645284665194,1577.3564343511998,0.6456338081887647,Normal
5818,882.0,707.0,870.8681958978152,704.1259449604378,1574.994140858253,0.6314596900863733,Normal
5823,1023.0,813.0,868.9918371907498,702.7739527676534,1571.7657899584033,0.6120890966071721,Normal
5828,863.0,691.0,866.6914587518687,701.3176414104394,1568.0091001623082,0.5895483898732772,Normal
5833,852.0,681.0,864.2752588651192,699.893426640551,1564.16868550567,0.5665053213181324,Normal
5838,863.0,699.0,862.0758766335507,698.6412843515404,1560.7171609850911,0.5457956523739236,Normal
5843,877.0,711.0,860.423977264003,697.6963659424147,1558.1203432064176,0.5302143531004812,Normal
5848,1023.0,754.0,859.6567702949512,697.1958866251726,1556.852656920124,0.5226080437268334,Normal
5853,854.0,689.0,860.1272748987906,697.289200904471,1557.4164758032616,0.5259910422669439,Normal
5858,851.0,695.0,862.1876234977303,698.1446026939745,1560.3322261917049,0.5434859854170161,Normal
5863,848.0,701.0,866.1485955520583,699.9437662911921,1566.0923618432503,0.5780476701757359,Normal
5868,855.0,697.0,872.2353108992023,702.858389398156,1575.0937002973583,0.6320570617729558,Normal
5873,876.0,695.0,880.5544163043668,707.022421075806,1587.576837380173,0.7069577715401597,Normal
5878,963.0,747.0,891.0813562739921,712.509606761432,1603.590963035424,0.8030449465765361,Normal
5883,873.0,827.0,903.6472233768957,719.3006509473,1622.9478743241957,0.91918934079502,Normal
5888,848.0,690.0,917.879592117477,727.2576585824116,1645.1372506998887,1.0523289537629075,Normal
5893,846.0,698.0,933.0892713399173,736.164036110813,1669.2533074507303,1.1970289402679763,Normal
5898,997.0,806.0,948.160748297327,745.7826141679872,1693.9433624653143,1.3451730031357596,Normal
5903,921.0,728.0,961.5255042350219,755.8194203902059,1717.3449246252278,1.4855859140739809,Normal
5908,1015.0,820.0,971.2471693613114,765.860447059789,1737.1076164211004,1.6041650526832312,Normal
5913,897.0,722.0,975.16092006696,775.407952804901,1750.568872871861,1.6849346265356544,Normal
5918,1015.0,818.0,970.965153900243,783.9353810087366,1754.9005349089796,1.7109252536432018,Normal
5923,878.0,709.0,956.3062598372734,790.9172022730809,1747.2234621103544,1.6648616561887495,Normal
5928,1005.0,816.0,928.9936752959544,795.9306475559695,1724.924322851924,1.5310634493298723,Normal
5933,1000.0,832.0,887.2841878416749,798.7598987898434,1686.0440866315184,1.2977761538763886,Normal
5938,863.0,725.0,830.1303146727644,799.4020705481964,1629.5323852209608,0.9586974016587073,Normal
5943,970.0,833.0,757.4480423352169,798.0488181062035,1555.4968604414203,0.5144730598777346,Normal
5948,806.0,727.0,670.4269553537915,795.0581580036958,1465.4851133574873,-0.02561103110402253,Normal
5953,905.0,835.0,571.8499652957929,790.8442783644676,1362.6942436602606,-0.6423717897846023,Normal
5958,773.0,735.0,466.46880656658567,785.7646758851808,1252.2334824517666,-1.3051530571097796,Normal
5963,16.0,841.0,361.0513404710193,780.1060447947476,1141.1573852657668,-1.9716264333299178,Caution
5968,0.0,723.0,263.20361050018,774.1175956660259,1037.321206166206,-2.5946592064602103,Caution
5974,7.0,824.0,179.39123834910663,768.0497602738931,947.4409986229997,-3.1339540403107256,Danger
5979,2.0,702.0,113.91925783287054,762.2018690721361,876.1211269050067,-3.561884053154831,Danger
5984,1.0,832.0,69.2337054165655,756.9559169197474,826.1896223363129,-3.8614806294904547,Danger
5989,0.0,726.0,46.545471752566634,752.7900907609156,799.3355625134823,-4.022609048374039,Danger
5994,0.0,810.0,46.26567289002226,750.244249517232,796.5099224072543,-4.0395633162074445,Danger
5999,0.0,701.0,68.22747522490492,749.7836645484067,818.0111397733116,-3.91055276133709,Danger
6004,0.0,656.0,111.68723470885901,751.6311122877338,863.3183469965928,-3.6387026682010157,Danger
6009,0.0,713.0,175.10662331342292,755.6685072749768,930.7751305883997,-3.2339517681572447,Danger
6014,0.0,829.0,255.72306387878638,761.4031843784547,1017.1262482572411,-2.7158320071004174,Caution
6019,0.0,740.0,348.92548476123244,768.0089925592379,1116.9344773204703,-2.116967543156076,Caution
6024,796.0,771.0,447.9669317273782,774.4752509587702,1222.4421826861485,-1.483905359718412,Normal
6029,859.0,811.0,545.0894922911681,779.820819411647,1324.910311702815,-0.86908109391493,Normal
6034,838.0,807.0,633.6891974974628,783.264773113439,1416.9539706109017,-0.316805224792484,Normal
6039,868.0,817.0,709.5913359136996,784.2891147759105,1493.8804506896101,0.14476528585424878,Normal
6044,898.0,807.0,770.9012816953413,782.6369135555951,1553.5381952509365,0.5027207726128998,Normal
6049,1023.0,948.0,817.4163051807418,778.3083216322631,1595.7246268130048,0.755845739965419,Normal
6054,889.0,792.0,850.1304218798755,771.5721672260823,1621.702589105958,0.9117174412164258,Normal
6059,885.0,743.0,870.8368109581053,762.9911775166747,1633.8279884747799,0.9844716706148897,Normal
6064,1023.0,852.0,881.8116258223215,753.4158636970833,1635.2274895194048,0.9928688884670158,Normal
6069,842.0,693.0,885.5457640011297,743.8659694288824,1629.4117334300122,0.9579734726722047,Normal
6074,826.0,677.0,884.4810312487405,735.3103878519038,1619.7914191006444,0.9002501322431993,Normal
6079,841.0,710.0,880.7772745858792,728.4753788419946,1609.2526534278738,0.8370159448971789,Normal
6084,837.0,701.0,876.1851930349151,723.7697805540831,1599.9549735889982,0.7812284601888092,Normal
6089,825.0,696.0,872.0207130641476,721.3058191427946,1593.3265322069421,0.7414568097717202,Normal
6094,833.0,707.0,869.1813057815555,720.9616155590205,1590.1429213405759,0.7223546632574683,Normal
6099,834.0,718.0,868.1745713288908,722.4455832090108,1590.6201545379017,0.725218134592201,Normal
6104,846.0,720.0,869.1518027287193,725.3485254293817,1594.500328158101,0.7484997629396943,Normal
6109,848.0,733.0,871.9494283106144,729.1892491625748,1601.138677473189,0.7883308624529124,Normal
6114,888.0,746.0,876.1428907906258,733.4556961198664,1609.598586910492,0.8390915980930422,Normal
6119,1008.0,775.0,881.1212556605072,737.6380507885525,1618.7593064490597,0.8940573002931421,Normal
6124,868.0,715.0,886.1864455395859,741.2663579086068,1627.4528034481928,0.9462195966193232,Normal
6129,968.0,764.0,890.6601084745781,743.9733123994583,1634.6334208740363,0.9893043867801926,Normal
6134,845.0,875.0,894.0033489882289,745.5539322153204,1639.5572812035493,1.0188482931739486,Normal
6139,930.0,731.0,895.9404518315981,745.9739406003439,1641.914392431942,1.0329913169055316,Normal
6144,928.0,754.0,896.507755704919,745.3464871675143,1641.8542428724331,1.0326304104547328,Normal
6149,837.0,837.0,896.0044207649584,743.9147745178955,1639.9191952828537,1.0210198323659647,Normal
6154,901.0,730.0,894.9330170015121,742.0382814777529,1636.971298479265,1.0033320058649453,Normal
6159,987.0,836.0,893.9278510484048,740.1714005876134,1634.0992516360184,0.986099290593399,Normal
6164,825.0,703.0,893.576403305484,738.8020510572522,1632.3784543627362,0.9757742467939726,Normal
6169,833.0,704.0,894.237189680511,738.3321681554918,1632.5693578360028,0.9769196964954248,Normal
6174,878.0,712.0,896.0144518084176,738.9611656103459,1634.9756174187635,0.9913576177837384,Normal
6179,1014.0,823.0,898.7987794498289,740.6443801227239,1639.4431595725528,1.0181635461344243,Normal
6184,872.0,740.0,902.2566954472976,743.1385361553469,1645.3952316026443,1.053876878182434,Normal
6189,870.0,736.0,905.8005434263484,746.0866557945675,1651.887199220916,1.0928296653839515,Normal
6194,996.0,851.0,908.5604231851393,749.0702250116303,1657.6306481967695,1.1272912275657347,Normal
6199,826.0,715.0,909.344103558741,751.6042745851788,1660.9483781439199,1.1471981088415624,Normal
6204,968.0,844.0,906.6605303014682,753.1563366042521,1659.8168669057204,1.1404088703441833,Normal
6209,800.0,718.0,898.8653453825865,753.2594659647002,1652.1248113472866,1.094255374065702,Normal
6214,973.0,822.0,884.2930124233997,751.6172042469176,1635.9102166703174,0.9969653545909913,Normal
6219,817.0,681.0,861.3153334728177,748.1216425310796,1609.4369760038971,0.8381219082202342,Normal
6224,1001.0,828.0,828.4547648011293,742.8591691399665,1571.313933941096,0.6093778921892141,Normal
6230,802.0,683.0,784.6155119880294,736.1364038586934,1520.7519158467228,0.30599813937496084,Normal
6235,985.0,865.0,729.3159282288026,728.4372738508048,1457.7532020796075,-0.07200366772478989,Normal
6240,770.0,704.0,662.7830251599084,720.258050480906,1383.0410756408146,-0.5202877217536908,Normal
6245,726.0,714.0,586.0486791977913,711.963468573072,1298.0121477708633,-1.0304741441211467,Normal
6250,707.0,683.0,501.23469082942455,703.7804058433428,1205.0150966727674,-1.5884705105227992,Caution
6255,611.0,701.0,411.9501036484578,695.8594504604044,1107.8095541088624,-2.1717184619825285,Caution
6260,0.0,714.0,323.2982174349695,688.3338436123638,1011.6320610473333,-2.748797961001742,Caution
6265,0.0,660.0,240.77459571219816,681.351974009852,922.1265697220501,-3.28584444089303,Danger
6270,0.0,687.0,168.57249163465175,675.0856934881733,843.6581851228251,-3.7566666117765912,Danger
6275,0.0,677.0,108.79473920077622,669.7267543899916,778.5214935907678,-4.147496608697401,Danger
6280,0.0,649.0,61.785438400162846,665.4526773152467,727.2381157154095,-4.455204629256762,Danger
6285,0.0,629.0,26.72972507624153,662.3628070674204,689.0925321436619,-4.684083897749412,Danger
6290,0.0,643.0,2.1308918426430448,660.4302592285056,662.5611510711486,-4.843276195346719,Danger
6295,0.0,665.0,-13.829341011837485,659.5029597189066,645.6736187070691,-4.944603942682566,Danger
6300,0.0,662.0,-23.034156901090984,659.3496403790332,636.3154834779422,-5.000754168872426,Danger
6305,0.0,689.0,-27.26157188168412,659.719386933189,632.4578150515049,-5.023900762654887,Danger
